"Age Group","Proportion of Vaccinated (%)","Sum of Fully Vaccinated Residents","Proportion of Total Vaccinated Population (%)","Proportion of Census Population (%)"
"prop015",0,0,0,13
"prop1619",43,397,2.50979896320647,3
"prop29",30.9,2083,13.1685421671513,21.9
"prop39",48.7,2925,18.4915918573777,19.5
"prop49",65.7,2510,15.8679984827412,12.4
"prop59",81.6,2914,18.4220508281704,11.6
"prop69",94.7,3087,19.5157415602478,10.6
"prop79",79.2,1601,10.1213807055254,6.55
"prop80",60.8,301,1.90289543557972,1.61
