"Race/Ethnicity","Total 1-dose Pfizer","Total 2-dose Pfizer","Total 1-dose Moderna","Total 2-dose Moderna","Total 1-dose Janssen","Partially Vaccinated (%)","Fully Vaccinated (%)","At least 1-dose Vaccinated (%)"
"American Indian or Alaskan Native - Non Hispanic",19,6,12,7,2,22.7848101265823,18.9873417721519,41.7721518987342
"Asian - Non Hispanic",94,29,66,25,35,30.8139534883721,25.8720930232558,56.6860465116279
"Black or African American - Non Hispanic",20,3,83,41,7,17.0028818443804,14.6974063400576,31.700288184438
"Hispanic, All Races",173,86,351,206,50,7.11220110361741,10.4843654199877,17.5965665236052
"White - Non Hispanic",5392,2912,5757,3591,1084,20.372725279544,33.269019951765,53.6417452313089
