"Age Group","Proportion of Vaccinated (%)","Sum of Fully Vaccinated Residents","Proportion of Total Vaccinated Population (%)","Proportion of Census Population (%)"
"prop09",0,0,0,8.01
"prop19",3.09,76,0.79907475554621,7.97
"prop29",12.9,870,9.14730312270003,21.9
"prop39",22.7,1363,14.33077489223,19.5
"prop49",30.9,1179,12.3961728524866,12.4
"prop59",40.4,1441,15.150877930817,11.6
"prop69",83.4,2717,28.566922510777,10.6
"prop79",77.6,1569,16.4966880454211,6.55
"prop80",59.8,296,3.11218589002208,1.61
