"Age Group","Proportion of Vaccinated (%)","Sum of Fully Vaccinated Residents","Proportion of Total Vaccinated Population (%)","Proportion of Census Population (%)"
"prop09",0,0,0,8.01
"prop19",3.62,89,0.861484851418062,7.97
"prop29",14.9,1005,9.72800309747362,21.9
"prop39",25.1,1508,14.5968444487465,19.5
"prop49",35.1,1340,12.9706707966315,12.4
"prop59",47.4,1694,16.3972509921595,11.6
"prop69",86.4,2815,27.2480882779983,10.6
"prop79",78.2,1581,15.3034556190107,6.55
"prop80",60.4,299,2.8942019165618,1.61
