"Age Group","Proportion of Vaccinated (%)","Sum of Fully Vaccinated Residents","Proportion of Total Vaccinated Population (%)","Proportion of Census Population (%)"
"prop09",0,0,0,8.01
"prop19",3.13,77,0.801832760595647,7.97
"prop29",13.1,881,9.17421639071124,21.9
"prop39",23,1384,14.4121628657711,19.5
"prop49",31.3,1195,12.4440279079454,12.4
"prop59",40.8,1458,15.182755388941,11.6
"prop69",84,2736,28.4910965323336,10.6
"prop79",78,1576,16.4115380610226,6.55
"prop80",59.8,296,3.08237009267937,1.61
