"Age Group","Proportion of Vaccinated (%)","Sum of Fully Vaccinated Residents","Proportion of Total Vaccinated Population (%)","Proportion of Census Population (%)"
"prop09",0,0,0,8.01
"prop19",8.99,221,1.53985507246377,7.97
"prop29",26,1752,12.2073578595318,21.9
"prop39",41.8,2512,17.5027870680045,19.5
"prop49",57,2179,15.1825529542921,12.4
"prop59",77.2,2756,19.2028985507246,11.6
"prop69",93.3,3040,21.1817168338907,10.6
"prop79",78.8,1592,11.092530657748,6.55
"prop80",60.6,300,2.09030100334448,1.61
