"Age Group","Proportion of Vaccinated (%)","Sum of Fully Vaccinated Residents","Proportion of Total Vaccinated Population (%)","Proportion of Census Population (%)"
"prop09",0,0,0,8.01
"prop19",2.4,59,0.660472405686779,7.97
"prop29",11.7,792,8.86600246277846,21.9
"prop39",20,1200,13.4333370648159,19.5
"prop49",27.2,1040,11.6422254561737,12.4
"prop59",37.5,1340,15.0005597223777,11.6
"prop69",81,2641,29.5645359901489,10.6
"prop79",77.4,1565,17.5193104220307,6.55
"prop80",59.8,296,3.31355647598791,1.61
