"Age Group","Proportion of Vaccinated (%)","Sum of Fully Vaccinated Residents","Proportion of Total Vaccinated Population (%)","Proportion of Census Population (%)"
"prop09",0,0,0,8.01
"prop19",5.61,138,1.04072398190045,7.97
"prop29",22.4,1509,11.3800904977376,21.9
"prop39",36.7,2201,16.5987933634992,19.5
"prop49",49.5,1893,14.2760180995475,12.4
"prop59",73.6,2627,19.8114630467572,11.6
"prop69",92.2,3004,22.6546003016591,10.6
"prop79",78.6,1589,11.9834087481146,6.55
"prop80",60.4,299,2.25490196078431,1.61
