"Age Group","Proportion of Vaccinated (%)","Sum of Fully Vaccinated Residents","Proportion of Total Vaccinated Population (%)","Proportion of Census Population (%)"
"prop015",0,0,0,13
"prop1619",44.1,407,2.54390899431214,3
"prop29",31.5,2123,13.2695793487093,21.9
"prop39",49.3,2961,18.5074067129196,19.5
"prop49",66.7,2550,15.9384961560098,12.4
"prop59",82.7,2952,18.4511531970748,11.6
"prop69",95.1,3099,19.3699606225389,10.6
"prop79",79.4,1605,10.031876992312,6.55
"prop80",61,302,1.88761797612351,1.61
