"Age Group","Proportion of Vaccinated (%)","Sum of Fully Vaccinated Residents","Proportion of Total Vaccinated Population (%)","Proportion of Census Population (%)"
"prop09",0,0,0,8.01
"prop19",4.27,105,0.907205806117159,7.97
"prop29",17.5,1183,10.2211854155867,21.9
"prop39",29.2,1755,15.1632970451011,19.5
"prop49",40.6,1550,13.3920857093485,12.4
"prop59",61.6,2199,18.9994815966822,11.6
"prop69",88.9,2898,25.0388802488336,10.6
"prop79",78.4,1585,13.6944876447209,6.55
"prop80",60.4,299,2.58337653360981,1.61
