"Age Group","Proportion of Vaccinated (%)","Sum of Fully Vaccinated Residents","Proportion of Total Vaccinated Population (%)","Proportion of Census Population (%)"
"prop09",0,0,0,8.01
"prop19",3.66,90,0.867219117363654,7.97
"prop29",15,1012,9.75139718635575,21.9
"prop39",25.2,1516,14.6078242435922,19.5
"prop49",35.3,1348,12.9890152245134,12.4
"prop59",48,1713,16.5060705338215,11.6
"prop69",86.5,2819,27.1632299094238,10.6
"prop79",78.2,1581,15.2341491616882,6.55
"prop80",60.4,299,2.88109462324147,1.61
