"Age Group","Proportion of Vaccinated (%)","Sum of Fully Vaccinated Residents","Proportion of Total Vaccinated Population (%)","Proportion of Census Population (%)"
"prop09",0,0,0,8.01
"prop19",3.21,79,0.805957967761681,7.97
"prop29",13.3,899,9.17159763313609,21.9
"prop39",23.5,1410,14.3848194246072,19.5
"prop49",32.2,1229,12.5382574984697,12.4
"prop59",43.6,1557,15.8845133646195,11.6
"prop69",84.5,2754,28.0963068761477,10.6
"prop79",78,1577,16.0885533564579,6.55
"prop80",60,297,3.02999387880025,1.61
