"Race/Ethnicity","Total 1-dose Pfizer","Total 2-dose Pfizer","Total 1-dose Moderna","Total 2-dose Moderna","Total 1-dose Janssen","Partially Vaccinated (%)","Fully Vaccinated (%)","At least 1-dose Vaccinated (%)"
"American Indian or Alaskan Native - Non Hispanic",13,2,12,6,2,21.5189873417722,12.6582278481013,34.1772151898734
"Asian - Non Hispanic",57,12,63,24,31,24.4186046511628,19.4767441860465,43.8953488372093
"Black or African American - Non Hispanic",11,0,79,22,6,19.5965417867435,8.06916426512968,27.6657060518732
"Hispanic, All Races",142,66,333,160,47,7.63335377069283,8.36909871244635,16.0024524831392
"White - Non Hispanic",4478,1896,5513,3287,983,21.0830958123219,27.0379302784477,48.1210260907696
