"Race/Ethnicity","Total 1-dose Pfizer","Total 2-dose Pfizer","Total 1-dose Moderna","Total 2-dose Moderna","Total 1-dose Janssen","Partially Vaccinated (%)","Fully Vaccinated (%)","At least 1-dose Vaccinated (%)"
"American Indian or Alaskan Native - Non Hispanic",11,2,11,6,2,0.0521667846629653,0.0372619890449752,0.0894287737079405
"Asian - Non Hispanic",40,11,55,22,7,0.231024332078846,0.149047956179901,0.380072288258747
"Black or African American - Non Hispanic",6,0,74,16,0,0.238476729887841,0.0596191824719604,0.298095912359802
"Hispanic, All Races",113,58,327,154,26,0.849573350225435,0.88683533927041,1.73640868949585
"Multi Race - Non Hispanic",63,33,132,75,12,0.324179304691284,0.447143868539703,0.771323173230987
"Native Hawaiian or Other Pacific Islander - Non Hispanic",2,1,4,1,0,0.0149047956179901,0.00745239780899504,0.0223571934269851
"Other",7,3,9,5,5,0.0298095912359802,0.0484405857584678,0.078250176994448
"Unknown",171,79,296,144,48,0.909192532697395,1.00979990311883,1.91899243581622
"White - Non Hispanic",3619,1653,5266,3168,662,15.1432723478779,20.4307485933599,35.5740209412378
