"Race/Ethnicity","Total 1-dose Pfizer","Total 2-dose Pfizer","Total 1-dose Moderna","Total 2-dose Moderna","Total 1-dose Janssen","Partially Vaccinated (%)","Fully Vaccinated (%)","At least 1-dose Vaccinated (%)","Proportion Among Fully Vaccinated (%)","Proportion Among Partially Vaccinated (%)","Proportion Race/Ethnicity by 2018 Census (%)"
"American Indian or Alaskan Native - Non Hispanic",19,6,12,7,2,22.7848101265823,18.9873417721519,41.7721518987342,0.17307026652821,0.3556609365738,0.29
"Asian - Non Hispanic",94,29,66,25,35,30.8139534883721,25.8720930232558,56.6860465116279,1.02688358140072,2.09444773760126,1.28
"Black or African American - Non Hispanic",20,3,83,41,7,17.0028818443804,14.6974063400576,31.700288184438,0.588438906195916,1.16577751432523,1.29
"Hispanic, All Races",173,86,351,206,50,7.11220110361741,10.4843654199877,17.5965665236052,3.9460020768432,4.58407429361786,12.15
"White - Non Hispanic",5392,2912,5757,3591,1084,20.372725279544,33.269019951765,53.6417452313089,87.5389408099688,91.8000395178818,84.98
