"Race/Ethnicity","Total 1-dose Pfizer","Total 2-dose Pfizer","Total 1-dose Moderna","Total 2-dose Moderna","Total 1-dose Janssen","Partially Vaccinated (%)","Fully Vaccinated (%)","At least 1-dose Vaccinated (%)"
"American Indian or Alaskan Native - Non Hispanic",13,2,12,6,2,21.5189873417722,12.6582278481013,34.1772151898734
"Asian - Non Hispanic",57,12,59,24,31,23.2558139534884,19.4767441860465,42.7325581395349
"Black or African American - Non Hispanic",11,0,77,22,6,19.0201729106628,8.06916426512968,27.0893371757925
"Hispanic, All Races",141,66,333,160,47,7.6026977314531,8.36909871244635,15.9717964438994
"White - Non Hispanic",4449,1887,5468,3280,975,20.8287656215742,26.9326901995177,47.7614558210919
