"Age Group","Proportion of Vaccinated (%)","Sum of Fully Vaccinated Residents","Proportion of Total Vaccinated Population (%)","Proportion of Census Population (%)"
"prop09",0,0,0,8.01
"prop19",4.31,106,0.90644775098341,7.97
"prop29",17.9,1204,10.2958782281512,21.9
"prop39",29.7,1783,15.2471352830511,19.5
"prop49",41,1567,13.4000342055755,12.4
"prop59",62.8,2241,19.1636736788096,11.6
"prop69",89.3,2909,24.8760047887806,10.6
"prop79",78.4,1585,13.5539592953651,6.55
"prop80",60.4,299,2.55686676928339,1.61
