"Age Group","Proportion of Vaccinated (%)","Sum of Fully Vaccinated Residents","Proportion of Total Vaccinated Population (%)","Proportion of Census Population (%)"
"prop015",0,0,0,13
"prop1619",44,406,2.54689166300734,3
"prop29",31.3,2112,13.2488551533781,21.9
"prop39",49.2,2952,18.5182861802898,19.5
"prop49",66.3,2534,15.8961169311837,12.4
"prop59",82.3,2940,18.4430085941911,11.6
"prop69",94.9,3093,19.40279781695,10.6
"prop79",79.3,1603,10.0558308763566,6.55
"prop80",60.8,301,1.88821278464337,1.61
