"Age Group","Proportion of Vaccinated (%)","Sum of Fully Vaccinated Residents","Proportion of Total Vaccinated Population (%)","Proportion of Census Population (%)"
"prop015",0,0,0,13
"prop1619",27.7,256,1.74529588219253,3
"prop29",26.7,1802,12.2852467957458,21.9
"prop39",43.4,2608,17.7802017998364,19.5
"prop49",58.9,2251,15.3463321516226,12.4
"prop59",78.1,2790,19.0209980910826,11.6
"prop69",94,3063,20.882192527952,10.6
"prop79",79,1597,10.8876465775839,6.55
"prop80",60.8,301,2.05208617398418,1.61
