"Age Group","Proportion of Vaccinated (%)","Sum of Fully Vaccinated Residents","Proportion of Total Vaccinated Population (%)","Proportion of Census Population (%)"
"prop09",0,0,0,8.01
"prop19",3.17,78,0.807620625388279,7.97
"prop29",13.2,889,9.20480430731,21.9
"prop39",23.3,1397,14.4646924829157,19.5
"prop49",31.6,1207,12.4974114723545,12.4
"prop59",41.1,1468,15.1998343342307,11.6
"prop69",84.3,2746,28.4323876579002,10.6
"prop79",78,1576,16.318078277076,6.55
"prop80",60,297,3.0751708428246,1.61
