"Age Group","Proportion of Vaccinated (%)","Sum of Fully Vaccinated Residents","Proportion of Total Vaccinated Population (%)","Proportion of Census Population (%)"
"prop09",0,0,0,8.01
"prop19",5.45,134,1.02344764377912,7.97
"prop29",22.1,1487,11.3572137783548,21.9
"prop39",36,2163,16.520278011151,19.5
"prop49",48.5,1854,14.1602382952723,12.4
"prop59",72.4,2584,19.7357366531735,11.6
"prop69",91.6,2984,22.790804246544,10.6
"prop79",78.6,1588,12.1286183456809,6.55
"prop80",60.4,299,2.28366302604445,1.61
