"Race/Ethnicity","Total 1-dose Pfizer","Total 2-dose Pfizer","Total 1-dose Moderna","Total 2-dose Moderna","Total 1-dose Janssen","Partially Vaccinated (%)","Fully Vaccinated (%)","At least 1-dose Vaccinated (%)"
"American Indian or Alaskan Native - Non Hispanic",15,2,12,6,2,24.0506329113924,12.6582278481013,36.7088607594937
"Asian - Non Hispanic",81,12,63,24,35,31.3953488372093,20.6395348837209,52.0348837209302
"Black or African American - Non Hispanic",20,1,80,25,7,21.3256484149856,9.51008645533141,30.835734870317
"Hispanic, All Races",164,67,341,161,50,8.49172286940527,8.522378908645,17.0141017780503
"White - Non Hispanic",5090,1916,5564,3325,1071,23.7360228020171,27.6781407586056,51.4141635606227
