"Race/Ethnicity","Total 1-dose Pfizer","Total 2-dose Pfizer","Total 1-dose Moderna","Total 2-dose Moderna","Total 1-dose Janssen","Partially Vaccinated (%)","Fully Vaccinated (%)","At least 1-dose Vaccinated (%)"
"American Indian or Alaskan Native - Non Hispanic",11,2,11,6,2,17.7215189873418,12.6582278481013,30.379746835443
"Asian - Non Hispanic",40,11,55,22,7,18.0232558139535,11.6279069767442,29.6511627906977
"Black or African American - Non Hispanic",6,0,74,16,0,18.4438040345821,4.61095100864553,23.0547550432277
"Hispanic, All Races",113,58,327,154,26,6.98957694665849,7.29613733905579,14.2857142857143
"White - Non Hispanic",3619,1653,5266,3168,662,17.82065336549,24.0429730322298,41.8636263977198
