"Age Group","Proportion of Vaccinated (%)","Sum of Fully Vaccinated Residents","Proportion of Total Vaccinated Population (%)","Proportion of Census Population (%)"
"prop09",0,0,0,8.01
"prop19",2.32,57,0.647506531864137,7.97
"prop29",11.4,771,8.75837782574122,21.9
"prop39",19.4,1166,13.2454844939225,19.5
"prop49",26.4,1007,11.4392820629331,12.4
"prop59",37,1321,15.0062478700443,11.6
"prop69",80.4,2621,29.7739407020334,10.6
"prop79",77.4,1564,17.7666704532546,6.55
"prop80",59.8,296,3.36249006020675,1.61
