"Race/Ethnicity","Total 1-dose Pfizer","Total 2-dose Pfizer","Total 1-dose Moderna","Total 2-dose Moderna","Total 1-dose Janssen","Partially Vaccinated (%)","Fully Vaccinated (%)","At least 1-dose Vaccinated (%)"
"American Indian or Alaskan Native - Non Hispanic",11,2,12,6,2,18.9873417721519,12.6582278481013,31.6455696202532
"Asian - Non Hispanic",41,11,59,24,31,18.8953488372093,19.1860465116279,38.0813953488372
"Black or African American - Non Hispanic",7,0,78,20,6,18.7319884726225,7.49279538904899,26.2247838616715
"Hispanic, All Races",114,60,332,159,47,6.95892090741876,8.15450643776824,15.113427345187
"White - Non Hispanic",3686,1697,5426,3252,973,18.2547686910765,25.9679894759921,44.2227581670686
