"Race/Ethnicity","Total 1-dose Pfizer","Total 2-dose Pfizer","Total 1-dose Moderna","Total 2-dose Moderna","Total 1-dose Janssen","Partially Vaccinated (%)","Fully Vaccinated (%)","At least 1-dose Vaccinated (%)"
"American Indian or Alaskan Native - Non Hispanic",11,2,12,6,2,18.9873417721519,12.6582278481013,31.6455696202532
"Asian - Non Hispanic",41,11,59,24,31,18.8953488372093,19.1860465116279,38.0813953488372
"Black or African American - Non Hispanic",7,0,77,21,6,18.1556195965418,7.78097982708934,25.9365994236311
"Hispanic, All Races",115,60,333,160,47,6.98957694665849,8.18516247700797,15.1747394236665
"White - Non Hispanic",3700,1705,5451,3255,973,18.3775487831616,26.0162245121684,44.39377329533
