"Fecha","Totalmente Vacunado"
"2020-12",0.0186309945224876
"2021-01",6.23765696612885
"2021-02",13.1385773372583
"2021-03",27.2944069754443
"2021-04",53.7615977940902
