"Age Group","Proportion of Vaccinated (%)"
"0-9",0
"10-19",0.13493638836795
"20-29",7.36367147950812
"30-39",12.2984879683931
"40-49",10.8334643232554
"50-59",9.02146139374293
"60-69",20.6067141664769
"70-79",29.9366015907752
"80+",5.6866049383636
