"Fecha","Totalmente Vacunado"
"2020-12",0.0142556755408247
"2021-01",5.97312805160555
"2021-02",12.6661677180227
"2021-03",26.7472112334723
"2021-04",58.3876830963327
"2021-05",68.4949570547774
"2021-06",68.5270323247443
