"Fecha","Totalmente Vacunado"
"2020-12",0.0142556755408247
"2021-01",5.98025588937596
"2021-02",12.6661677180227
"2021-03",26.7579029901279
"2021-04",58.3948109341031
"2021-05",69.0509284008696
"2021-06",69.3752450194234
