"Fecha","Totalmente Vacunado"
"2020-12",0.0142556755408247
"2021-01",5.98025588937596
"2021-02",12.6839873124488
"2021-03",26.7792865034392
"2021-04",58.4518336362664
"2021-05",69.1222067785737
"2021-06",70.6760754125236
