"Fecha","Totalmente Vacunado"
"2020-12",0.0178195944260309
"2021-01",5.9481806194091
"2021-02",12.6483481235967
"2021-03",26.6509854235718
"2021-04",57.9920881000748
"2021-05",68.712356106775
"2021-06",74.261377811041
"2021-07",74.364731458712
