"Fecha","Totalmente Vacunado"
"2020-12",0.0178195944260309
"2021-01",6.01233115934281
"2021-02",12.7730852845789
"2021-03",26.9040236644214
"2021-04",58.68705228269
"2021-05",69.507110018176
"2021-06",74.2934530810079
