"Fecha","Totalmente Vacunado"
"2020-12",0.0178195944260309
"2021-01",5.98738372714637
"2021-02",12.7124986635304
"2021-03",26.8327452867173
"2021-04",58.5872625539043
"2021-05",69.3716811005382
"2021-06",73.0745928222674
