"Fecha","Totalmente Vacunado"
"2020-12",0.0186309945224876
"2021-01",6.23765696612885
"2021-02",13.1944703208257
"2021-03",27.4993479151917
"2021-04",60.1222193240675
"2021-05",63.211238215896
