"Fecha","Totalmente Vacunado"
"2020-12",0.0178195944260309
"2021-01",6.01945899711323
"2021-02",12.7837770412345
"2021-03",26.914715421077
"2021-04",58.7226914715421
"2021-05",69.5570048825689
"2021-06",74.6142057806764
