"Fecha","Totalmente Vacunado"
"2020-12",0.0178195944260309
"2021-01",5.9481806194091
"2021-02",12.6447842047115
"2021-03",26.6367297480309
"2021-04",57.9564489112228
"2021-05",68.6695890801525
"2021-06",74.1116932178624
