"Fecha","Totalmente Vacunado"
"2020-12",0.00745239780899504
"2021-01",6.23393076722435
"2021-02",13.0975891493088
"2021-03",27.1677162126914
"2021-04",32.6601333979208
