"Fecha","Totalmente Vacunado"
"2020-12",0.0111785967134926
"2021-01",6.23393076722436
"2021-02",13.1273987405448
"2021-03",27.2534187874949
"2021-04",43.574169989194
