"Fecha","Totalmente Vacunado"
"2020-12",0.0186309945224876
"2021-01",6.24138316503335
"2021-02",13.1497559339718
"2021-03",27.3540261579163
"2021-04",54.6558855311697
