"Fecha","Totalmente Vacunado"
"2020-12",0.0149047956179901
"2021-01",6.23020456831986
"2021-02",13.1236725416403
"2021-03",27.2645973842084
"2021-04",49.4093974736371
