"Fecha","Totalmente Vacunado"
"2020-12",0.0178195944260309
"2021-01",6.02302291599843
"2021-02",12.7944687978902
"2021-03",26.914715421077
"2021-04",58.7440749848533
"2021-05",69.646102854699
"2021-06",74.9278306425746
