"Fecha","Totalmente Vacunado"
"2020-12",0.0178195944260309
"2021-01",5.95174453829431
"2021-02",12.6590398802523
"2021-03",26.6581132613422
"2021-04",58.0205994511565
"2021-05",68.7551231333975
"2021-06",74.3184005132043
"2021-07",74.5001603763498
