"Fecha","Totalmente Vacunado"
"2020-12",0.0178195944260309
"2021-01",6.02302291599843
"2021-02",12.826544067857
"2021-03",26.9646102854699
"2021-04",58.8403007947539
"2021-05",69.7922235289925
"2021-06",75.4802380697815
"2021-07",75.9542392815139
