"Age Group","Proportion of Vaccinated (%)"
"0-9",0
"10-19",0.196751551213009
"20-29",10.7370132233385
"30-39",17.9324985248428
"40-49",15.7963388259587
"50-59",13.1542465668126
"60-69",30.0467726066723
"70-79",0
"80+",8.29167251540537
