"Fecha","Totalmente Vacunado"
"2020-12",0.0186309945224876
"2021-01",6.23393076722435
"2021-02",13.1311249394493
"2021-03",27.2757759809219
"2021-04",53.4784066773484
