"Fecha","Totalmente Vacunado"
"2020-12",0.0178195944260309
"2021-01",5.99094764603158
"2021-02",12.723190420186
"2021-03",26.8398731244877
"2021-04",58.6015182294451
"2021-05",69.3930646138494
"2021-06",73.6270002494743
