"Fecha","Totalmente Vacunado"
"2020-12",0.00745239780899504
"2021-01",6.23393076722435
"2021-02",13.0640533591683
"2021-03",22.9720162462272
