"Fecha","Totalmente Vacunado"
"2020-12",0.0142556755408247
"2021-01",5.96956413272034
"2021-02",12.6447842047115
"2021-03",26.4514059660002
"2021-04",58.0312912078121
"2021-05",66.1178231583449
