"Fecha","Totalmente Vacunado"
"2020-12",0.0111785967134926
"2021-01",6.23393076722436
"2021-02",13.1162201438313
"2021-03",27.2385139918769
"2021-04",38.4953608823639
