"Fecha","Totalmente Vacunado"
"2020-12",0.0111785967134926
"2021-01",6.22647836941536
"2021-02",13.1124939449268
"2021-03",27.1788948094049
"2021-04",36.7775831873905
