"Fecha","Totalmente Vacunado"
"2020-12",0.021383513311237
"2021-01",6.03015075376884
"2021-02",12.8336719056274
"2021-03",26.9824298798959
"2021-04",58.8723760647208
"2021-05",69.8421183933854
"2021-06",75.5336968530596
"2021-07",76.3391425211162
