"Fecha","Totalmente Vacunado"
"2020-12",0.0178195944260309
"2021-01",5.95174453829431
"2021-02",12.6590398802523
"2021-03",26.6581132613422
"2021-04",58.0170355322713
"2021-05",68.7444313767419
"2021-06",74.3041448376635
"2021-07",74.4502655119569
