"Fecha","Totalmente Vacunado"
"2020-12",0.0186309945224876
"2021-01",6.24138316503335
"2021-02",13.1683869284942
"2021-03",27.4173715392928
"2021-04",59.399336736595
