"Fecha","Totalmente Vacunado"
"2020-12",0.0142556755408247
"2021-01",5.97312805160555
"2021-02",12.6661677180227
"2021-03",26.7436473145871
"2021-04",58.3734274207919
"2021-05",68.4664457036958
