"Fecha","Totalmente Vacunado"
"2020-12",0.0186309945224876
"2021-01",6.24138316503335
"2021-02",13.1646607295897
"2021-03",27.3987405447703
"2021-04",58.9410142713418
