"Fecha","Totalmente Vacunado"
"2020-12",0.0186309945224876
"2021-01",6.23765696612885
"2021-02",13.1758393263032
"2021-03",27.4546335283377
"2021-04",59.6042776763424
"2021-05",59.9098259865112
