"Age Group","Proportion of Vaccinated (%)"
"0-9",0
"10-19",0.196751551213009
"20-29",10.7370132233385
"30-39",17.9324985248428
"40-49",15.7963388259587
"50-59",13.1542465668126
"60-69",30.0467726066723
"70-79",0
"80+",8.29167251540537
"prop09",0
"prop19",0.00800453829182298
"prop29",0.159255609957557
"prop39",0.298626120313785
"prop49",0.413408501071937
"prop59",0.368363107443646
"prop69",0.921962952030449
"prop79",0
"prop80",1.67508535664755
