"Fecha","Totalmente Vacunado"
"2020-12",0.00745239780899504
"2021-01",6.23393076722435
"2021-02",13.0901367514998
"2021-03",26.9627752729441
