"Fecha","Totalmente Vacunado"
"2020-12",0.0178195944260309
"2021-01",6.01945899711323
"2021-02",12.7980327167754
"2021-03",26.9182793399622
"2021-04",58.7440749848533
"2021-05",69.6496667735842
"2021-06",75.0846430735237
