"Fecha","Totalmente Vacunado"
"2020-12",0.0142556755408247
"2021-01",5.96600021383513
"2021-02",12.6340924480559
"2021-03",26.4193306960334
"2021-04",57.9813963434192
"2021-05",63.6373356142414
