"Fecha","Totalmente Vacunado"
"2020-12",0.0142556755408247
"2021-01",5.96600021383513
"2021-02",12.6234006914003
"2021-03",26.3729997505257
"2021-04",57.856659182437
"2021-05",61.417014148758
