"Fecha","Totalmente Vacunado"
"2020-12",0.021383513311237
"2021-01",6.03015075376884
"2021-02",12.8336719056274
"2021-03",27.0038133932072
"2021-04",58.9222709291137
"2021-05",69.8991410955487
"2021-06",75.6334865818454
"2021-07",76.8559107594711
