"Fecha","Totalmente Vacunado"
"2020-12",0.0111785967134926
"2021-01",6.23393076722436
"2021-02",13.1236725416403
"2021-03",27.2459663896859
"2021-04",43.1270261206543
