"Age Group","Proportion of Vaccinated (%)"
"0-9",0
"10-19",0.124734938256206
"20-29",7.98303604839716
"30-39",13.3591118872396
"40-49",11.4631408257453
"50-59",9.54222277659973
"60-69",14.6438817512785
"70-69",36.060870649869
"80+",6.82300112261444
