"Fecha","Totalmente Vacunado"
"2020-12",0.0178195944260309
"2021-01",6.01589507822802
"2021-02",12.7873409601197
"2021-03",26.896895826651
"2021-04",58.7084357960013
"2021-05",69.610463665847
"2021-06",75.0240564524751
