"Fecha","Totalmente Vacunado"
"2020-12",0.00745239780899504
"2021-01",6.23393076722435
"2021-02",13.1050415471178
"2021-03",27.1788948094049
"2021-04",32.8017289562917
