"Fecha","Totalmente Vacunado"
"2020-12",0.0178195944260309
"2021-01",6.01233115934281
"2021-02",12.7695213656937
"2021-03",26.9004597455362
"2021-04",58.6763605260344
"2021-05",69.4999821804056
"2021-06",74.1900994333369
